,ID,Created_at,Text,Location,Statuses
0,1591615489796612096,2022-11-13 02:14:38,"b""The Myers-Briggs Company has a career opportunity. Join us as we enrich people's understanding of themselves and ot\xe2\x80\xa6 https://t.co/RZ6WvW6EBN""","San Antonio, TX",2655
1,1591615278169067520,2022-11-13 02:13:47,"b'Palo Alto Networks is looking for: Technical Support Engineer, Cortex - Japan\nhttps://t.co/Pq8XEijoQF #job'","North Andover, MA",8607
2,1591615109293608961,2022-11-13 02:13:07,"b'RT @DiedreMoire: Controls Engineer - Production Line Machinery - Wichita, KS #DiedreMoire #JobSearch #JobHunt #JobOpening #Hiring #Job #Job\xe2\x80\xa6'",Everywhere,472193
3,1591615087466500096,2022-11-13 02:13:02,"b'Controls Engineer - Production Line Machinery - Wichita, KS #DiedreMoire #JobSearch #JobHunt #JobOpening #Hiring\xe2\x80\xa6 https://t.co/JwyrzTPEtg'","Lakehurst, NJ",25611
4,1591614753322901504,2022-11-13 02:11:42,b'Here\xe2\x80\x99s how I beat the Black tax and reached corporate success - https://t.co/lEaukZS9wq - #Career #Advice #Job #Interview #Resume',Road Warrior,175846
5,1591614730783043584,2022-11-13 02:11:37,b'@SenateGOP There\xe2\x80\x99s not a single #corporate #job out there that would put up with your never ending naysaying w/o of\xe2\x80\xa6 https://t.co/m5tpbUIpzr',"Anaheim, Ca.",48838
6,1591614235045683200,2022-11-13 02:09:39,"b'Apply now to work for #KellyServices as Regulatory #Science - Greenhouse #Technician _ RTP, NC in\xe2\x80\xa6 https://t.co/xS9mm5wTzm'",Pennsylvania,51355
7,1591613987195584517,2022-11-13 02:08:39,"b'#KellyServices is hiring! #Shipping #Clerk in #Lincolnshire, apply now! #job https://t.co/sW3VcOgZy0 https://t.co/n8vouurMyq'",,592
8,1591613963917205505,2022-11-13 02:08:34,b'RT @RohanMagdum7: Employment Update\nUpstox Hiring Software Development Engineer (Intern + Fulltime)\nBatch: 2023\nExpected CTC: 15-18 Lpa\xe2\x80\xa6',,81064
9,1591613963900526592,2022-11-13 02:08:34,b'RT @RohanMagdum7: Employment Update\nUpstox Hiring Software Development Engineer (Intern + Fulltime)\nBatch: 2023\nExpected CTC: 15-18 Lpa\xe2\x80\xa6',,81064
10,1591613758715330562,2022-11-13 02:07:45,"b'RT @sheikhnoormohd: Our agenda for #restoration of #statehood, better #job opportunities for the youth, #justice for daily wagers, legal re\xe2\x80\xa6'",,23
11,1591613691258175488,2022-11-13 02:07:29,b'First impression at a job interview matter; you only have one chance to make it right. Your appearance must show th\xe2\x80\xa6 https://t.co/SmgGmujVDv',,38834
12,1591613611755331585,2022-11-13 02:07:10,b'RT @karablg: Qlik is looking for Data Engineer.\nClick the link to apply.\n\n#qlik #greatplacetowork #jobsearch #hiring #lookingforwork #jobs\xe2\x80\xa6',Everywhere,472193
13,1591613589609226240,2022-11-13 02:07:05,b'Qlik is looking for Data Engineer.\nClick the link to apply.\n\n#qlik #greatplacetowork #jobsearch #hiring\xe2\x80\xa6 https://t.co/YC4Sb7JJsE',NJ,1485
14,1591613052528775168,2022-11-13 02:04:57,b'RT @RohanMagdum7: Employment Update\nUpstox Hiring Software Development Engineer (Intern + Fulltime)\nBatch: 2023\nExpected CTC: 15-18 Lpa\xe2\x80\xa6',कोल्हापुर ,46243
15,1591612729378234368,2022-11-13 02:03:40,b'JCPenney is looking for Marketing Strategy and Insights Analyst. \nA Career Designed With You In Mind\n#JCPCareers\xe2\x80\xa6 https://t.co/Eyfeak07MB',"Dallas, TX",5100
16,1591612728115724288,2022-11-13 02:03:39,b'Apply now to work for #Catalent as #Product #Manager - Cell and Gene Therapy in #Gosselies! #job\xe2\x80\xa6 https://t.co/F2ISBNLD4T',,1422
17,1591611972612546561,2022-11-13 02:00:39,b'Has a tight #LaborMarket forced employers to be more transparent? Explore the reasons companies are including salar\xe2\x80\xa6 https://t.co/Q7jxHKlRal',Worldwide,58870
18,1591611838713982977,2022-11-13 02:00:07,b'Employment Update\nUpstox Hiring Software Development Engineer (Intern + Fulltime)\nBatch: 2023\nExpected CTC: 15-18 L\xe2\x80\xa6 https://t.co/wTPAvoh0vm',"Pune, India",1419
19,1591610961345105921,2022-11-13 01:56:38,"b'T-Mobile Careers is hiring! Account Executive, SMB Team Sales in #EastHartford, apply now! #job\xe2\x80\xa6 https://t.co/D5k1QMtI58'","Albuquerque, NM",2769
20,1591610836598005760,2022-11-13 01:56:08,b'Check out this #job: Senior #Quality Control #Technician at #KellyServices in #Cleveland https://t.co/P80XmIKePh https://t.co/AtkULRGSVf',USA,21443
21,1591610569391489024,2022-11-13 01:55:05,"b'RT @SusanLiTV: #Disney plans #hiring freeze, #job cuts, memo says\n\nThe move comes after $Dis reported disappointing quarterly results, send\xe2\x80\xa6'",Kentucky,6860
22,1591610102510821377,2022-11-13 01:53:13,b'Apply now to work for T-Mobile as Mobile Associate - Retail Sales Bilingual (Spanish)! (#HialeahFLUS) #job\xe2\x80\xa6 https://t.co/Ai3Gc1cCcA',"Florida, USA",3417
23,1591608265762381827,2022-11-13 01:45:55,b'Mindshare is looking for: Client Partner\nhttps://t.co/vcMU3RTsed #job',"Manila, Philippines",25486
24,1591608055858593792,2022-11-13 01:45:05,b'LifeNet Health is looking for Research Operations Program Manager. Take a look at a fulfilling opportunity to furth\xe2\x80\xa6 https://t.co/RmpDbdidT1',,1953
25,1591607875503550467,2022-11-13 01:44:22,b'RT @snsinstitutions: Get your Dream Placement at SNS Institutions.\n\n#SNSInstitutions #SNSDesignThinkers #DesignThinking\n\n#Bestcollege #engi\xe2\x80\xa6',,84
26,1591607183812460546,2022-11-13 01:41:37,b'Check out this #job: Registered #Nurse - Weekly Pay at #LHCGroup in #Arlington https://t.co/UR2MHZ0ZNN https://t.co/8OSLmpnIpJ',,2290
27,1591607002916352000,2022-11-13 01:40:54,b'RT @snsinstitutions: Get your Dream Placement at SNS Institutions.\n\n#SNSInstitutions #SNSDesignThinkers #DesignThinking\n\n#Bestcollege #engi\xe2\x80\xa6',,84
28,1591606638670135296,2022-11-13 01:39:27,b'RT @JGSales1: list #job #opportunities here 4 #quicker #hiring: https://t.co/hdKNRsoA9S #Fill your empty positions #immediately ! #RT4rt',Everywhere,472193
29,1591606617992474625,2022-11-13 01:39:23,b'list #job #opportunities here 4 #quicker #hiring: https://t.co/zcyR2iK3J8 #Fill your empty positions #immediately ! #RT4rt',New York City,48345
30,1591606616905900033,2022-11-13 01:39:22,b'list #job #opportunities here 4 #quicker #hiring: https://t.co/hdKNRsoA9S #Fill your empty positions #immediately ! #RT4rt',New York,86962
31,1591606323279712256,2022-11-13 01:38:12,b'RT @Jenny30355206: $40/Hour Social Media Job Application #Job #socialmediamarketing #WorkFromHome #makemoneyonline #GlobalDayofAction \n\nhtt\xe2\x80\xa6',,1238
32,1591606276848586753,2022-11-13 01:38:01,"b'Senior Angular Developer at eSolutions | Hot Zimbabwe Jobs \n5+ experience on #Angular, Javascript, #TypeScript\n2+ e\xe2\x80\xa6 https://t.co/babBmfzBkH'",India,13485
33,1591606276722774016,2022-11-13 01:38:01,"b'#hiring Front End React, UI/Accessibility Engineer (Hybrid or Remote)\n\n\xf0\x9f\x93\x8d Toronto, Canada\n\nhttps://t.co/gawWmg1KBQ\xe2\x80\xa6 https://t.co/VW5KtlhRVY'",India,13485
34,1591606051572314114,2022-11-13 01:37:07,b'Are you a #District Attorney Professional Student #Intern in #RiversideCA? #CountyofRiverside is waiting for you!\xe2\x80\xa6 https://t.co/roXaQm4jZv',"Riverside, CA",13756
35,1591606028843745280,2022-11-13 01:37:02,b'RT @Jenny30355206: $40/Hour Social Media Job Application #Job #socialmediamarketing #WorkFromHome #makemoneyonline #GlobalDayofAction \n\nhtt\xe2\x80\xa6',,487
36,1591605923088420868,2022-11-13 01:36:37,b'#Manufacturing #Associate II Fill Finish needed in #Baltimore at #Catalent. Apply now! #job https://t.co/hTrxrddfSl https://t.co/O9MCFxL3V8',,8965
37,1591605289622519809,2022-11-13 01:34:06,"b'RT @jobsinjs: #hiring Front End React, UI/Accessibility Engineer (Hybrid or Remote)\n\n\xf0\x9f\x93\x8d Toronto, Canada\n\nhttps://t.co/eAI800NnY1\n\n#FrontEnd\xe2\x80\xa6'",Everywhere,472193
38,1591605267648712704,2022-11-13 01:34:01,"b'#hiring Front End React, UI/Accessibility Engineer (Hybrid or Remote)\n\n\xf0\x9f\x93\x8d Toronto, Canada\n\nhttps://t.co/eAI800NnY1\xe2\x80\xa6 https://t.co/vcRcfYMUAn'",localhost:3000,2719
39,1591605154402295808,2022-11-13 01:33:34,"b'Since ""Baitoru"" is also Dip\'s part-time work information website that lists one of the largest numbers of part-time jobs, it features  #job'",,12820
40,1591605034776924160,2022-11-13 01:33:05,"b'RT @hotzimbabwejobs: Senior Angular Developer at eSolutions | Hot Zimbabwe Jobs \n5+ experience on #Angular, Javascript, #TypeScript\n2+ expe\xe2\x80\xa6'",Everywhere,472193
41,1591605012559544324,2022-11-13 01:33:00,"b'Senior Angular Developer at eSolutions | Hot Zimbabwe Jobs \n5+ experience on #Angular, Javascript, #TypeScript\n2+ e\xe2\x80\xa6 https://t.co/elCu7ICcmn'",@Zimbabwe,14257
42,1591604324198944769,2022-11-13 01:30:16,b'For more Jobs follow @ReferIndia\n\n#referindia #jobs #hiring #openings #hiringalert #job #helpinghands #jobalert\xe2\x80\xa6 https://t.co/wzCrxbDleT',"Mumbai, Maharashtra, India",8152
43,1591604299305340929,2022-11-13 01:30:10,b'Check out Senior Manager Trade Compliance in (#LincolnshireIL) #job https://t.co/xsoEFEkqpp',"Lincolnshire, IL",22186
44,1591604279533789184,2022-11-13 01:30:05,b'Army HQ Bengal Sub Area Recruitment 2022: Apply Offline for 09 Multi Tasking Staff More info @\xe2\x80\xa6 https://t.co/uuI3AAIsqG',India,13437
45,1591604265227018240,2022-11-13 01:30:02,b'RT @adinividini: Legit Websites that Pays you for Reading Books\n#job  #websites #readingcommunity #workfromhome \n https://t.co/yc1SGSk8Ro',,70
46,1591604258478202881,2022-11-13 01:30:00,b'kick Start Your Career with Our Job Oriented Internship Program \n#internships #jobhunt #job #internshipprogram \nJoi\xe2\x80\xa6 https://t.co/EDJ88kV1FS',Nellore,5
47,1591604221563924481,2022-11-13 01:29:51,"b'RT @NoticeperiodCom: We have a #Remote opportunity for a #FunctionalConsultant. To apply, visit our #SuiteSourceJobs page at: https://t.co/\xe2\x80\xa6'",Everywhere,472193
48,1591604199539646464,2022-11-13 01:29:46,"b'We have a #Remote opportunity for a #FunctionalConsultant. To apply, visit our #SuiteSourceJobs page at:\xe2\x80\xa6 https://t.co/7tP3VnVfcY'",India,13485
49,1591601853359267840,2022-11-13 01:20:27,b'National University is looking for: Adjunct Faculty - Music\nhttps://t.co/27OC6jDwJg #job',United States,1774
50,1591601747914821632,2022-11-13 01:20:01,b'RT @Jenny30355206: $40/Hour Social Media Job Application #Job #socialmediamarketing #WorkFromHome #makemoneyonline #GlobalDayofAction \n\nhtt\xe2\x80\xa6',,950
51,1591601613013225478,2022-11-13 01:19:29,"b""Hopefully you'll think of this caption once or twice and be reminded to smile.\n&lt;RT?  :)&gt;\nhttps://t.co/RrpTo90tNd\xe2\x80\xa6 https://t.co/BBATNreEYM""",,2671
52,1591601094412718080,2022-11-13 01:17:26,"b'RT @UPSAirlines: Felicia Taylor, a retired U.S. #veteran, turned a @UPS seasonal #job into a #career as a Crew Scheduling technician. \xe2\x80\x9cI\xe2\x80\x99ve\xe2\x80\xa6'",,12956
53,1591600929119252480,2022-11-13 01:16:46,"b'#Work where you play! \xf0\x9f\xa4\xa9Read about our latest #job opening in Madison, WI here: Bartender - $800 BONUS https://t.co/TCOOLJBSPz #runthefun'",,1698
54,1591600789843238913,2022-11-13 01:16:13,b'RT @COHLZoubek: New #job opening at #CityofHope in #Duarte! #Clinical #Nurse III BSN-Phase I Infusion Clin https://t.co/UJxL1jqZLf #hiring\xe2\x80\xa6',Everywhere,472193
55,1591600767353630720,2022-11-13 01:16:08,b'New #job opening at #CityofHope in #Duarte! #Clinical #Nurse III BSN-Phase I Infusion Clin https://t.co/UJxL1jqZLf\xe2\x80\xa6 https://t.co/QiQEHC8Q4p',,1400
56,1591600746398556160,2022-11-13 01:16:03,b'dnata catering - Airside Team Member (Customer Delivery Driver) https://t.co/LMX9Fxn0nA #job #Mascot',Australia,194102
57,1591600678245658624,2022-11-13 01:15:46,b'dnata catering - Chef https://t.co/SQViZyQkfe #job #MelbourneAirport',Australia,194102
58,1591600556061384704,2022-11-13 01:15:17,b'IEEEUSA: So you\xe2\x80\x99re ready for a change and have begun looking for a new #job. Opportunities are available but how do\xe2\x80\xa6 https://t.co/zb81esgIRb'," Kansas Topeka, Coleman St",21279
59,1591600554945323008,2022-11-13 01:15:17,b'Belgravia Health &amp;am - Training and Development Manager https://t.co/BkQvPkozRW #job #Daylesford',Australia,194102
60,1591600489249898498,2022-11-13 01:15:01,b'JELD-WEN - Service Technician https://t.co/6piYqss22u #job #Ormeau',Australia,194102
61,1591599512040022016,2022-11-13 01:11:08,b'RT @arrivajobs: New #job: PCV Bus Driver Location: Ware .. https://t.co/N23Gl2FIHj #jobs #hiring',Everywhere,472193
62,1591599490196131841,2022-11-13 01:11:03,b'New #job: PCV Bus Driver Location: Ware .. https://t.co/N23Gl2FIHj #jobs #hiring',Southern Counties,1069
63,1591599226433437696,2022-11-13 01:10:00,b'RT @adinividini: Work From Home Jobs for Freshers and Students 2022\n #workfromhome #Website   #job #jobsearch \n https://t.co/0yrfilZGzG',,70
64,1591599142320705536,2022-11-13 01:09:40,"b'#MediQuestStaffing is hiring a #Medical #Assistant in #FountainValley, apply now! #job https://t.co/f6A9AElAS4\xe2\x80\xa6 https://t.co/I8d3pYH7qP'","California, USA",1092
65,1591599064189132800,2022-11-13 01:09:22,b'RT @MaimoWajiri: #JOB BROKER#\n\nJob vacancies available in Buea and Douala. \n\n#8 workers need at hotel de RIA   Douala bonaberi# https://t.c\xe2\x80\xa6',Yaoundé ,18022
66,1591598992823300096,2022-11-13 01:09:05,"b'RT @Biblword: For what is the #hope of the godless when God cuts him off, when God takes away his life? #Job 27:8'",Leominster Massachusetts ,13053
67,1591598896702050304,2022-11-13 01:08:42,b'Check out this #job: Field #Service #Technician at #KellyServices (#Orlando) https://t.co/0QXV9BnPt7 https://t.co/QoliDSwKkE',Pennsylvania,51355
68,1591598669022875648,2022-11-13 01:07:47,b'RT @420JobsCareers: NEWS ALERT: Who\xe2\x80\x99s left out of the legal weed boom?... [ Read Full Story &gt; https://t.co/vMmgGl047k ] #Jobs #Careers #Mar\xe2\x80\xa6',,571696
69,1591598537527148544,2022-11-13 01:07:16,b'Having a career plan can result in a higher lifetime income potential and increased job satisfaction.\xe2\x80\xa6 https://t.co/JejuPDx5mC',,5761
70,1591598156965634049,2022-11-13 01:05:45,b'Check out this #job: Programmatic #Account #Manager at #Disney (#NewYork) https://t.co/q1cb6tkQw0 #DisneyJobs https://t.co/W5ynZsG4Yb',"Los Angeles, CA",3552
71,1591598147947696129,2022-11-13 01:05:43,b'Apply now to work for #CountyofRiverside as IT Supervising User #Support #Technician! (#RiversideCA) #job\xe2\x80\xa6 https://t.co/hHcbB8RC3u',"Riverside, CA",13756
72,1591598010776973312,2022-11-13 01:05:10,"b'T-Mobile Careers is looking for a Mobile Associate, Bilingual - Retail Sales, apply now! (#Memphis) #job\xe2\x80\xa6 https://t.co/8EuHMbBsBB'","North Bethesda, MD",12378
73,1591598004238045189,2022-11-13 01:05:09,b'Check out this #job: Machine #Operator - #Fitments at #KellyServices (#Northlake) https://t.co/qh4ZyFNOCm https://t.co/8PIr9rZirO',USA,21443
74,1591597246318903296,2022-11-13 01:02:08,b'New #job: Bus Driver Location: Dewsbury .. https://t.co/uPhNCynA8k #jobs #hiring',Southern Counties,1069
75,1591597242837868545,2022-11-13 01:02:07,b'New #job: Trainee Bus Driver Location: Dewsbury .. https://t.co/f6E3oqC8yA #jobs #hiring',Southern Counties,1069
76,1591597237385105411,2022-11-13 01:02:06,b'New #job: PCV Driver Location: Wakefield .. https://t.co/FhYVqc5LkR #jobs #hiring',Southern Counties,1069
77,1591597236735340544,2022-11-13 01:02:06,b'New #job: PCV Driver Location: Castleford .. https://t.co/7u4b5aEb9l #jobs #hiring',Southern Counties,1069
78,1591597232515874818,2022-11-13 01:02:05,b'I offer a free 15-minute career consultation. Please e-mail me at michael@kanemillsmedia.com to schedule a phone ca\xe2\x80\xa6 https://t.co/dmoaRqPp8G',United States of America,470
79,1591597232188715010,2022-11-13 01:02:05,"b'For what is the #hope of the godless when God cuts him off, when God takes away his life? #Job 27:8'",The Netherlands,12212
80,1591597229239898119,2022-11-13 01:02:04,b'New #job: Trainee Bus Driver Location: Castleford .. https://t.co/For6FFmOPn #jobs #hiring',Southern Counties,1069
81,1591597223510695936,2022-11-13 01:02:03,b'New #job: PCV Driver Location: Selby .. https://t.co/TRMCu9oMoE #jobs #hiring',Southern Counties,1069
82,1591597220398260228,2022-11-13 01:02:02,b'New #job: Trainee Bus Driver Location: Heckmondwike .. https://t.co/g7AUEndtpq #jobs #hiring',Southern Counties,1069
83,1591597218657873920,2022-11-13 01:02:02,b'New #job: Bus Driver Location: Wakefield .. https://t.co/szi6nSU1nd #jobs #hiring',Southern Counties,1069
84,1591597211846316033,2022-11-13 01:02:00,b'New #job: PCV Driver Location: Wakefield .. https://t.co/t14KZ5NqTB #jobs #hiring',Southern Counties,1069
85,1591597207324696577,2022-11-13 01:01:59,b'New #job: Part Time Bus Driver Location: Wakefield .. https://t.co/8vkFma4dwC #jobs #hiring',Southern Counties,1069
86,1591597203109253120,2022-11-13 01:01:58,b'New #job: PCV Driver Location: Heckmondwike .. https://t.co/WFsMCnwl75 #jobs #hiring',Southern Counties,1069
87,1591597201741971457,2022-11-13 01:01:57,b'New #job: Aylesbury Bus Driver Location: Aylesbury .. https://t.co/rCcVfxZ2xf #jobs #hiring',Southern Counties,1069
88,1591597197027856385,2022-11-13 01:01:56,b'New #job: Bus Driver Location: Stevenage .. https://t.co/kSjiWtxkYw #jobs #hiring',Southern Counties,1069
89,1591597192787156992,2022-11-13 01:01:55,b'New #job: Bus Driver Location: Luton .. https://t.co/NNRKTrQVhn #jobs #hiring',Southern Counties,1069
90,1591597190669017088,2022-11-13 01:01:55,b'New #job: Trainee Bus Driver Location: Ware .. https://t.co/eOmqTDZ4ln #jobs #hiring',Southern Counties,1069
91,1591597180757876738,2022-11-13 01:01:52,b'New #job: PCV Bus Driver Milton Keynes Location: Milton Keynes .. https://t.co/BQwUyHr5kq #jobs #hiring',Southern Counties,1069
92,1591597179533246472,2022-11-13 01:01:52,b'New #job: Bus Driver Location: Hemel Hempstead .. https://t.co/ufh175TKfj #jobs #hiring',Southern Counties,1069
93,1591597172730269696,2022-11-13 01:01:51,b'New #job: Bus Driver Location: Darlington .. https://t.co/7KSgRYKnjD #jobs #hiring',Southern Counties,1069
94,1591597167797420033,2022-11-13 01:01:49,b'New #job: Bus Driver Location: Stockton-on-Tees .. https://t.co/LPpzufRSKF #jobs #hiring',Southern Counties,1069
95,1591597162726821889,2022-11-13 01:01:48,b'New #job: Trainee Bus Driver Location: Durham .. https://t.co/m9rkrUeXEv #jobs #hiring',Southern Counties,1069
96,1591597159526191104,2022-11-13 01:01:47,b'New #job: PCV Driver Location: North Yorkshire .. https://t.co/iUCOlFWHmM #jobs #hiring',Southern Counties,1069
97,1591597155848179713,2022-11-13 01:01:47,b'New #job: Bus Driver Location: Ashington .. https://t.co/oa0bYrEyiA #jobs #hiring',Southern Counties,1069
98,1591597146100449280,2022-11-13 01:01:44,b'New #job: Trainee Bus Driver Location: Birkenhead .. https://t.co/uvrN8wdoUo #jobs #hiring',Southern Counties,1069
99,1591597144062164992,2022-11-13 01:01:44,b'New #job: Bus Driver Location: Winsford .. https://t.co/ywibWhn3J8 #jobs #hiring',Southern Counties,1069
100,1591597137778704384,2022-11-13 01:01:42,b'New #job: Bus Driver Location: Runcorn .. https://t.co/prMGNY7ZQ7 #jobs #hiring',Southern Counties,1069
101,1591597134180388864,2022-11-13 01:01:41,b'New #job: Bus Driver Bootle Location: Bootle .. https://t.co/vLeZLschXN #jobs #hiring',Southern Counties,1069
102,1591597122532802560,2022-11-13 01:01:39,b'New #job: Bolton Bus Driver Location: Bolton .. https://t.co/hiFrsg3qcq #jobs #hiring',Southern Counties,1069
103,1591597120049491968,2022-11-13 01:01:38,"b'#PegasusResidential is hiring a #Maintenance #Supervisor in #Hillsborough, apply now! #job https://t.co/r9ANssz8vf\xe2\x80\xa6 https://t.co/G1Rm6eqEOE'","Charleston, SC",1677
104,1591597118623731712,2022-11-13 01:01:38,b'New #job: Qualified / Trainee Bus Driver Location: Rhyl .. https://t.co/Qz9Ypbk6td #jobs #hiring',Southern Counties,1069
105,1591597114735628288,2022-11-13 01:01:37,b'New #job: Bus Driver Location: Wrexham .. https://t.co/1XFwTdadYB #jobs #hiring',Southern Counties,1069
106,1591597109584617472,2022-11-13 01:01:36,b'New #job: Bus Driver Location: Liverpool .. https://t.co/71S7gJuCKb #jobs #hiring',Southern Counties,1069
107,1591597081910714369,2022-11-13 01:01:29,b'New #job: Trainee Service Engineer Location: Swindon Salary: 21kpa - 23kpa .. https://t.co/GxSOGNxx2Z #JobSearch',"West Midlands, England",2757
108,1591597069453512704,2022-11-13 01:01:26,b'New #job: Trainee Service Engineer Location: Aberdeen Salary: 21kpa - 23kpa .. https://t.co/HwxG4ylLi0 #JobSearch',"West Midlands, England",2757
109,1591597066043547649,2022-11-13 01:01:25,b'New #job: Trainee Service Engineer Location: Guildford Salary: 22kpa - 24kpa .. https://t.co/XgSMV2rfG4 #JobSearch',"West Midlands, England",2757
110,1591597059446038530,2022-11-13 01:01:24,b'New #job: Trainee Service Engineer Location: Weymouth Salary: 21kpa - 23kpa .. https://t.co/4ET6cYtyyj #JobSearch',"West Midlands, England",2757
111,1591597043734159364,2022-11-13 01:01:20,b'New #job: Photcopier / Wide Format Field Service Engineer  Location: Derby Salary: 26kpa - 30kpa .. https://t.co/W0GwBidOcL #JobSearch',"West Midlands, England",2757
112,1591597035286929408,2022-11-13 01:01:18,b'New #job: White Goods Engineer / Gas Appliance Field Engineer Location: Falkirk Salary: \xc2\xa326kpa - \xc2\xa330kpa ..\xe2\x80\xa6 https://t.co/OxOpyfVRCv',"West Midlands, England",2757
113,1591597032585977856,2022-11-13 01:01:17,b'New #job: White Goods / Domestic Gas Appliance Field Service Engineer  Location: Glasgow Salary: 24500pa - 27500pa\xe2\x80\xa6 https://t.co/Sbe4uwRUcB',"West Midlands, England",2757
114,1591597031033917446,2022-11-13 01:01:17,b'New #job: White Goods / Domestic Appliance Field Service Engineer  Location: Bristol Salary: 25kpa - 28kpa ..\xe2\x80\xa6 https://t.co/13VJmF25t3',"West Midlands, England",2757
115,1591597031029899264,2022-11-13 01:01:17,b'New #job: Coffee Field Service Engineer  Location: Nottingham Salary: 30kpa - 33kpa .. https://t.co/2PCITJIdh3 #JobSearch',"West Midlands, England",2757
116,1591597030983475207,2022-11-13 01:01:17,b'New #job: Photocopier Field Service Engineer  Location: Chelmsford Salary: \xc2\xa327kpa - \xc2\xa328kpa .. https://t.co/3NkTzQ47nz #JobSearch',"West Midlands, England",2757
117,1591596905645187074,2022-11-13 01:00:47,b'Mobile Associate - Retail Sales needed in #NewYork at T-Mobile Careers. Apply now! #job https://t.co/31qXDrwuYe\xe2\x80\xa6 https://t.co/XHyJuLZGh2',"Ohio, USA",11709
118,1591596875731419137,2022-11-13 01:00:40,b'NEWS ALERT: Who\xe2\x80\x99s left out of the legal weed boom?... [ Read Full Story &gt; https://t.co/vMmgGl047k ] #Jobs #Careers\xe2\x80\xa6 https://t.co/mLESbYuw8j',United States,30703
119,1591596814360264705,2022-11-13 01:00:25,"b'Only 7 pay days until Christmas,  Hiring entry level candidates for our Industrial Cleaner position in Ithaca MI.\xe2\x80\xa6 https://t.co/eknFzvrJ1w'",United States,9047
120,1591596149428854784,2022-11-13 00:57:47,b'Lean Manager (m/w/d) #Job #Stellenangebot https://t.co/21X6ntmV1A',,55348
121,1591595962954567681,2022-11-13 00:57:02,"b'RT @UPSAirlines: Felicia Taylor, a retired U.S. #veteran, turned a @UPS seasonal #job into a #career as a Crew Scheduling technician. \xe2\x80\x9cI\xe2\x80\x99ve\xe2\x80\xa6'","California, USA",5228
122,1591595454009163778,2022-11-13 00:55:01,"b'#GM is looking for a #Warehouse #Worker, apply now! (#Edmonton) #job  #IWorkforGM https://t.co/FDK0HGbsxZ https://t.co/HKhFzJp0WS'",,556
123,1591594445698375680,2022-11-13 00:51:00,"b'Python for Geospatial Data Analysis: Theory, Tools, and Practice for Location Intelligence IF6WZ61\xe2\x80\xa6 https://t.co/LUwR5yWS5S'",,15660
124,1591593860634841088,2022-11-13 00:48:41,"b'New #job: Head of Programming I, Bangladesh Location: Bangladesh .. https://t.co/kZu18Zihhu #nowhiring'","Baltimore, MD (HQ)",684
125,1591593856310857730,2022-11-13 00:48:40,"b'New #job: Country Manager, Bangladesh Location: Bangladesh .. https://t.co/Q40SKFgxXl #nowhiring'","Baltimore, MD (HQ)",684
126,1591593850987892736,2022-11-13 00:48:39,b'New #job: Advisor Sr - Global Risk and Compliance Location: Baltimore .. https://t.co/EdfUAhvou4 #nowhiring',"Baltimore, MD (HQ)",684
127,1591593847439921153,2022-11-13 00:48:38,"b'New #job: Manager, Constituent Leadership Location: Baltimore .. https://t.co/LqxpGPI0s4 #nowhiring'","Baltimore, MD (HQ)",684
128,1591592715586007040,2022-11-13 00:44:08,"b'Dental #Clinic Office #Manager needed in #Cleveland, apply now at #KellyServices! #job https://t.co/ZSKvgvMQMa https://t.co/rSVWJMpD7R'",USA,21443
129,1591592703456075776,2022-11-13 00:44:05,b'RT @Jenny30355206: $40/Hour Social Media Job Application #Job #socialmediamarketing #WorkFromHome #makemoneyonline #GlobalDayofAction \n\nhtt\xe2\x80\xa6',,829
130,1591592270926864384,2022-11-13 00:42:22,b'Check out the #BTS for the making of lost soul featuring #LilA #thismycity #themesong #dreams #dreamchasing\xe2\x80\xa6 https://t.co/2QPPexZkoD',"Chicago, IL",2236
131,1591592095529041921,2022-11-13 00:41:40,b'My Southeast Asia Ventures: Here\xe2\x80\x99s how I went from Normal stream to running an international school in Cambodia -\xe2\x80\xa6 https://t.co/XmdvqI6gVe',Road Warrior,175846
132,1591591179866472449,2022-11-13 00:38:02,"b'#KimcoStaffing is hiring a Customer #Service #Coordinator in #Anaheim, apply now! #job https://t.co/RA2T61Hq38\xe2\x80\xa6 https://t.co/VINfgx0gDh'",India,13485
133,1591591045351211008,2022-11-13 00:37:30,b'Job you are allowed to work by Status of Residence https://t.co/WdwubXdXq0 #job #japan #follow4follow',Tokyo/Japan,12773
134,1591590467468427264,2022-11-13 00:35:12,b'RT @Sirbadrul_ashad: When Facebook is still firing its employees everyday and everyone is crying on upcoming recession . We are still hirin\xe2\x80\xa6',,622417
135,1591590444445888512,2022-11-13 00:35:06,b'When Facebook is still firing its employees everyday and everyone is crying on upcoming recession . We are still hi\xe2\x80\xa6 https://t.co/AUTQIN5XmZ',"Golaghat, India",110
136,1591590056766021633,2022-11-13 00:33:34,"b'""I can\'t find a good job"" "" I don\'t know what I want to do as my job"", Please count on Foreigners Baitoru if you have such a problem.  #job'",,12820
137,1591589929003503616,2022-11-13 00:33:04,b'RT @Jenny30355206: $40/Hour Social Media Job Application #Job #socialmediamarketing #WorkFromHome #makemoneyonline #GlobalDayofAction \n\nhtt\xe2\x80\xa6',,941
138,1591589893754347520,2022-11-13 00:32:55,b'Nutanix is looking for: Services Sales Manager - France\nhttps://t.co/a3mBuflagZ #job',Luxembourg,1333
139,1591589714246905856,2022-11-13 00:32:12,"b'RT @KimcoStaffing: #KimcoStaffing is hiring a Customer #Service #Coordinator in #Anaheim, apply now! #job https://t.co/ANLSA9PcYa #changing\xe2\x80\xa6'",Everywhere,472193
140,1591589691907870723,2022-11-13 00:32:07,"b'#KimcoStaffing is hiring a Customer #Service #Coordinator in #Anaheim, apply now! #job https://t.co/ANLSA9PcYa\xe2\x80\xa6 https://t.co/rd9dl52LmC'","Orange County, California",6358
141,1591589503864434691,2022-11-13 00:31:22,"b'Interested in a #job in Louisville, KY? Looking to work for an industry-leading employer that values their people a\xe2\x80\xa6 https://t.co/XBJakkdm4J'","Stamford, Connecticut",984
142,1591589228802355200,2022-11-13 00:30:17,b'For more Jobs follow @ReferIndia\n\n#referindia #jobs #hiring #openings #hiringalert #job #helpinghands #jobalert\xe2\x80\xa6 https://t.co/5sfTnq9zy0',"Mumbai, Maharashtra, India",8152
143,1591589072522432513,2022-11-13 00:29:39,b'South Ripley #Community #School Corp (#job) wanted in #Versailles. #KellyServices https://t.co/AMiMIYNIss https://t.co/wO1MS7dkkd',,221
144,1591588939391016960,2022-11-13 00:29:08,"b'New #job opening at #UMCharlesRegional in #USMDLaPlata! #CLINICAL #NURSE II, STAFFING FLOAT POOL I\xe2\x80\xa6 https://t.co/lz5Mfb2Rva'","La Plata, Maryland",3544
145,1591588907489296384,2022-11-13 00:29:00,b'So you\xe2\x80\x99re ready for a change and have begun looking for a new #job. Opportunities are available but how do you know\xe2\x80\xa6 https://t.co/eRulejbkvk',"Washington, D.C.",11025
146,1591588585265938432,2022-11-13 00:27:43,b'RT @TheKurmi: Hello I am looking for a App developer to build MVP and help to launch on play store. \n\nBasic Knowledge \nConvert web to app\nR\xe2\x80\xa6',,622417
147,1591588562558156801,2022-11-13 00:27:38,b'Hello I am looking for a App developer to build MVP and help to launch on play store. \n\nBasic Knowledge \nConvert we\xe2\x80\xa6 https://t.co/YB79WUoxGs',"Lucknow, Uttar Pradesh ",136
148,1591588201277587456,2022-11-13 00:26:12,b'RT @HirectApp: Looking for a new job? Try HirectApp to find your dream job now! \n#Trending #TrendingNow #JobSeekersSA #FIFA23 #FIFAWorldCup\xe2\x80\xa6',,187383
149,1591588178938544130,2022-11-13 00:26:06,b'Looking for a new job? Try HirectApp to find your dream job now! \n#Trending #TrendingNow #JobSeekersSA #FIFA23\xe2\x80\xa6 https://t.co/tSiWwZ2Ur4',"San Francisco, CA",2105
150,1591588160424722432,2022-11-13 00:26:02,b'Karren Brady\xe2\x80\x99s career advice on having an awkward conversation with a colleague - https://t.co/23Y4BhA2YU - #Career\xe2\x80\xa6 https://t.co/M333FLIhNj',Road Warrior,175846
151,1591588085531570176,2022-11-13 00:25:44,b'RT @KimcoStaffing: Are you a #Medical #Assistant in #HuntingtonPark? #MediQuestStaffing is waiting for you! #job https://t.co/EuP64CRc8N #j\xe2\x80\xa6',Everywhere,472193
152,1591588063020724225,2022-11-13 00:25:39,b'Are you a #Medical #Assistant in #HuntingtonPark? #MediQuestStaffing is waiting for you! #job\xe2\x80\xa6 https://t.co/jBFY3nTjDt',"Orange County, California",6358
153,1591588058415222792,2022-11-13 00:25:38,b'Apply now to work for #CountyofRiverside as Registered #Nurse II/III/IV-Disease #Control (Indio/Palm Springs) in\xe2\x80\xa6 https://t.co/1IZeixyNi7',"Riverside, CA",13756
154,1591587943881134080,2022-11-13 00:25:10,b'JOB POSTING: Budtender at Marijuana Dispensary in Columbia Falls Montana... [ Submit Your Resume and Apply Now &gt;\xe2\x80\xa6 https://t.co/Fpe1xBIcCU',United States,30703
155,1591587903947542528,2022-11-13 00:25:01,b'Hospice Case #Manager | RN Chesterfield needed in #Midlothian at #Amedisys. Apply now! #job https://t.co/E9vvyFQePz https://t.co/QY1T0afLAU',,6902
156,1591587803607044096,2022-11-13 00:24:37,"b'Are you a Documentation #Specialist, #Analytical Development in #Baltimore? #Catalent is waiting for you! #job\xe2\x80\xa6 https://t.co/FJyjCDr71h'",,8965
157,1591587379542097920,2022-11-13 00:22:56,b'My company Renaissance Life &amp; Health is looking for Life &amp; DI Claims Analyst. Learn more or Jobvite a friend.\xe2\x80\xa6 https://t.co/n7ZHU2zqYS',"Okemos, MI",991
158,1591586308895526914,2022-11-13 00:18:40,"b'#TheContainerStore is looking for a #Parttime #Retail Employee - Early Morning, apply now! (#Vienna) #job\xe2\x80\xa6 https://t.co/b35xnpLRvs'",,1404
159,1591586272879185920,2022-11-13 00:18:32,b'Hiring After-School Tennis Coach https://t.co/vCuIo0PLZ7 #hiring #job #work',Worldwide,29906
160,1591585797957976064,2022-11-13 00:16:39,"b'#MattressFirm is hiring! Sleep #Expert in #WaitePark, apply now! #job https://t.co/3NoXebp6ru #mfrmlife #lovemyjob https://t.co/q2PRpdtkFG'","Houston, TX",170
161,1591585659013451777,2022-11-13 00:16:05,b'dnata catering - Catering Attendant https://t.co/rTeoDXfE6v #job #Cairns',Australia,194102
162,1591585593414516736,2022-11-13 00:15:50,b'dnata catering - Storesperson https://t.co/3iyqPYFRdI #job #BrisbaneAirport',Australia,194102
163,1591585525688737792,2022-11-13 00:15:34,b'dnata catering - Chef https://t.co/MCJZar8ySj #job #BrisbaneAirport',Australia,194102
164,1591585456344690689,2022-11-13 00:15:17,b'dnata catering - Catering Attendant https://t.co/vRxes3jM8E #job #BrisbaneAirport',Australia,194102
165,1591585422148337665,2022-11-13 00:15:09,b'Check out this #job: Southern Boone-#Substitute at #KellyServices in #SouthernBoone https://t.co/bPyrgwJ7cb https://t.co/aMnPHysvH5',Missouri,530
166,1591585389005144065,2022-11-13 00:15:01,b'Rashays Cafes and Re - Payroll Officer https://t.co/78KwPDoO5q #job #ChesterHill',Australia,194102
167,1591584227471937536,2022-11-13 00:10:24,"b'#LHCGroup is looking for a Home #Health #Aide in #Tyler, apply now! #job https://t.co/otB8SAPzix https://t.co/8rwF5WHMeq'",,2290
168,1591583672716890112,2022-11-13 00:08:12,b'RT @Jenny30355206: $40/Hour Social Media Job Application #Job #socialmediamarketing #WorkFromHome #makemoneyonline #GlobalDayofAction \n\nhtt\xe2\x80\xa6',,1871
169,1591583530219446273,2022-11-13 00:07:38,"b'#KellyServices is looking for a Shipping, Order Processing, #3D Digital #Technicians - ALL Needed, apply now! (\xe2\x80\xa6 https://t.co/6LMdl0fdlZ'",Pennsylvania,51355
170,1591583156150620164,2022-11-13 00:06:09,b'Senior #Statistical #Programmer (#job) wanted in #Hyderabad. #Cytel https://t.co/0VzY7f85TF #career #job\xe2\x80\xa6 https://t.co/aDsvdjbU0V',"Raleigh, NC",2127
171,1591583066556092416,2022-11-13 00:05:47,b'RT @PrestigeRestor1: We appreciate each and every one of your recommendations. We always give our best to live the best experience with Pre\xe2\x80\xa6',Portugal,1229
172,1591582925467881472,2022-11-13 00:05:14,b'We appreciate each and every one of your recommendations. We always give our best to live the best experience with\xe2\x80\xa6 https://t.co/0yudjUQTxS',,123
173,1591582919080181760,2022-11-13 00:05:12,b'RT @Jenny30355206: $40/Hour Social Media Job Application #Job #socialmediamarketing #WorkFromHome #makemoneyonline #GlobalDayofAction \n\nhtt\xe2\x80\xa6',,659
174,1591582299396923392,2022-11-13 00:02:45,b'Ready for a career with an employee-focused company that will help you achieve your career goals?  We are seeking a\xe2\x80\xa6 https://t.co/d2mtWgJyoK',Maryland,1598
175,1591581921955700736,2022-11-13 00:01:15,b'The last person has a fun job. \n#manufacturing #job #fun\n.\n.\n.\n.\n.\nCredits-Talal Al Murad https://t.co/hnpwbkDP9i',,2868
176,1591581810508570624,2022-11-13 00:00:48,"b'HR Administrator, #Warwick, Warwickshire, United Kingdom, Highly Competitive Salary &amp; Employee Benefits Interested?\xe2\x80\xa6 https://t.co/twt1xyaxlR'",City of London,826
177,1591581761997242371,2022-11-13 00:00:36,"b'Administrator, #London, Greater London, United Kingdom, Highly Competitive Salary &amp; Employee Benefits Interested?\xe2\x80\xa6 https://t.co/Rxe3j9Xu0z'",City of London,826
178,1591581642141110272,2022-11-13 00:00:08,b'Check out Heavy Equipment Lube Technician in (#FortMyersFL) #job https://t.co/nhvfRET38B',,6451
179,1591581628807401472,2022-11-13 00:00:05,b'Pastor @ Hams Prairie Christian Church #ChristianJobs #ChristianJob #jobs #job #MissouriJobs\xe2\x80\xa6 https://t.co/uHNn31K4UF',"P.O. Box 362, Howell, MI 48844",10712
180,1591581628769267712,2022-11-13 00:00:05,b'Director of Bridge Student Ministries (6th-12th grade) @ Church at Ross Bridge #ChristianJobs #ChristianJob #jobs\xe2\x80\xa6 https://t.co/xfho3mSN2b',"P.O. Box 362, Howell, MI 48844",10712
181,1591581628685758465,2022-11-13 00:00:05,b'Sonographer (Part-Time &amp; Full-Time) + Signing Bonus @ The Source #ChristianJobs #ChristianJob #jobs #job #TexasJobs\xe2\x80\xa6 https://t.co/Qeb29jsqk6',"P.O. Box 362, Howell, MI 48844",10712
182,1591581628651884545,2022-11-13 00:00:05,b'Bilingual Registered Nurse + Signing Bonus @ The Source #ChristianJobs #ChristianJob #jobs #job #TexasJobs\xe2\x80\xa6 https://t.co/mMfFRQtxWZ',"P.O. Box 362, Howell, MI 48844",10712
183,1591581628618657793,2022-11-13 00:00:05,b'Youth Development Specialist @ Rawhide Youth Services #ChristianJobs #ChristianJob #jobs #job #WisconsinJobs\xe2\x80\xa6 https://t.co/bPxaNi7tKE',"P.O. Box 362, Howell, MI 48844",10712
184,1591581628559921152,2022-11-13 00:00:05,b'Human Resources Intern (Summer 2023) @ Pioneers #ChristianJobs #ChristianJob #jobs #job #FloridaJobs #Pioneers https://t.co/WSv26jN22j',"P.O. Box 362, Howell, MI 48844",10712
185,1591581628559724554,2022-11-13 00:00:05,b'HR Coordinator (Austin or Houston) @ The Source #ChristianJobs #ChristianJob #jobs #job #TexasJobs #TheSource https://t.co/4BepvEIzyP',"P.O. Box 362, Howell, MI 48844",10712
186,1591581628555563009,2022-11-13 00:00:05,b'Licensed Professional Counselor @ The Source #ChristianJobs #ChristianJob #jobs #job #TexasJobs #TheSource https://t.co/Xmr0jCKTKw',"P.O. Box 362, Howell, MI 48844",10712
187,1591581628509585408,2022-11-13 00:00:05,b'Organizational Development Intern (Summer 2023) @ Pioneers #ChristianJobs #ChristianJob #jobs #job #FloridaJobs\xe2\x80\xa6 https://t.co/UcHzeMWcxG',"P.O. Box 362, Howell, MI 48844",10712
188,1591581628392001540,2022-11-13 00:00:05,b'Hospitality Intern (Summer 2023) @ Pioneers #ChristianJobs #ChristianJob #jobs #job #FloridaJobs #Pioneers https://t.co/TW5jTFtHL2',"P.O. Box 362, Howell, MI 48844",10712
189,1591581628379561984,2022-11-13 00:00:05,b'Business Manager @ Katie Souza Expected End Ministries #ChristianJobs #ChristianJob #jobs #job #FloridaJobs\xe2\x80\xa6 https://t.co/bp2XDLGAZh',"P.O. Box 362, Howell, MI 48844",10712
190,1591581628341489664,2022-11-13 00:00:05,b'Christian  Counselor (Psychotherapist) @ Zion Counseling Center LLC #ChristianJobs #ChristianJob #jobs #job #Jobs\xe2\x80\xa6 https://t.co/8QGu3D87jv',"P.O. Box 362, Howell, MI 48844",10712
191,1591581628316409856,2022-11-13 00:00:05,b'Video Production Intern (Summer 2023) @ Pioneers #ChristianJobs #ChristianJob #jobs #job #FloridaJobs #Pioneers https://t.co/oUgoDvg5M1',"P.O. Box 362, Howell, MI 48844",10712
192,1591581628312207360,2022-11-13 00:00:05,b'Grant Writing Intern (Summer 2023) @ Pioneers #ChristianJobs #ChristianJob #jobs #job #FloridaJobs #Pioneers https://t.co/v0GimtmWfO',"P.O. Box 362, Howell, MI 48844",10712
193,1591581621550841856,2022-11-13 00:00:03,b'RT @adinividini: Top Websites to find Work From Home Jobs\n #job  #workfromhome #jobsearch#Website  \n https://t.co/tV0o4DDfpF',,70
194,1591581608150171650,2022-11-13 00:00:00,"b'Be #professional and #respectful to everyone in every department, from the #CEO to the #janitor.  \nVisit\xe2\x80\xa6 https://t.co/p8S20ClPg3'",Florida,963
195,1591580964882448385,2022-11-12 23:57:26,b'Business Intelligence Developer (m/w/d) #Job #Stellenangebot https://t.co/yej9ieTCuF',,55348
196,1591580962365722624,2022-11-12 23:57:26,b'Werkstudent - Recruiting (m/w/d) #Job #Stellenangebot https://t.co/d5U5DdObsz',,55348
197,1591580530793144320,2022-11-12 23:55:43,b'@kymike3 @KySportsRadio Unfortunately I do not except anyone to lose their #Job but YES they should. We need a new\xe2\x80\xa6 https://t.co/rbSwsH74ug',"Franklin,TN",5512
198,1591580073622372354,2022-11-12 23:53:54,b'Do you need a new #job or #career advice?\n\nOur #online #careercoaching program was created by a #jobs expert regula\xe2\x80\xa6 https://t.co/wjY4EG6k5G',"Chicago, Illinois",18107
199,1591580018047844352,2022-11-12 23:53:41,b'Are you seeking a new #job or #career advice?\n\nOur #online #careercoaching program was created by a\xc2\xa0#jobs expert re\xe2\x80\xa6 https://t.co/hOGeHLN7nN',"Chicago, Illinois",18107
200,1591579502068764672,2022-11-12 23:51:38,b'Check out this #job: #Chemical Lab #Technician at #KellyServices in #Joliet https://t.co/uYXvF3oHUg https://t.co/bzEtSWRmki',USA,21443
201,1591578493266972673,2022-11-12 23:47:37,"b'T-Mobile Careers is looking for a Mobile Expert, Metro, Bilingual Spanish, apply now! (#StatenIsland) #job\xe2\x80\xa6 https://t.co/UtnAjXhX6u'","Ohio, USA",11709
202,1591578379588964353,2022-11-12 23:47:10,"b'RT @TempConnect: Are you hiring CDL Drivers, or are you searching for a job? Temp Connect is a worldwide job board for hiring and applying\xe2\x80\xa6'",Everywhere,472193
203,1591578356457549825,2022-11-12 23:47:04,"b'Are you hiring CDL Drivers, or are you searching for a job? Temp Connect is a worldwide job board for hiring and ap\xe2\x80\xa6 https://t.co/prkmhsBK4a'",,426
204,1591578292221464577,2022-11-12 23:46:49,b'Want to work for a company that is consistently named a \xe2\x80\x9cbest place to work\xe2\x80\x9d around the country? Check out our  Ass\xe2\x80\xa6 https://t.co/r2AQ2o9vhn',,3292
205,1591577450525384706,2022-11-12 23:43:28,b'RT @Jenny30355206: $40/Hour Social Media Job Application #Job #socialmediamarketing #WorkFromHome #makemoneyonline #GlobalDayofAction \n\nhtt\xe2\x80\xa6',,833
206,1591577383257092096,2022-11-12 23:43:12,b'RT @BubbleJobs: How to apply for a #job when the employer uses resume screening technology https://t.co/2rDmIKq5sB',"London, England",130387
207,1591577083549024256,2022-11-12 23:42:01,b'How to apply for a #job when the employer uses resume screening technology https://t.co/2rDmIKq5sB',UK,160039
208,1591576489111085056,2022-11-12 23:39:39,b'JCPenney is looking for Print Marketing Senior Specialist. \nA Career Designed With You In Mind\n#JCPCareers\xe2\x80\xa6 https://t.co/SPYO6XUBBF',"Dallas, TX",5100
209,1591576359452954625,2022-11-12 23:39:08,b'Resident #Construction #Inspector (#job) wanted in #AndoverMAUnitedStates. #BrownandCaldwell https://t.co/CFdWw5lagv https://t.co/7We7LpqKf3',Recruiter for all East offices,2388
210,1591576122424188928,2022-11-12 23:38:12,"b'#Amedisys is hiring! #Licensed Practical #Nurse in #Conyers, apply now! #job https://t.co/vu9iFDj0mR https://t.co/tQHCXApFuP'",,6304
211,1591575730046914560,2022-11-12 23:36:38,b'Apply now to work for #KellyServices as #Accounts Payable #Clerk in #HamiltonONCAN! #job https://t.co/vPtGB2XpE8\xe2\x80\xa6 https://t.co/M8FY3OR8gk',,1558
212,1591574863923363841,2022-11-12 23:33:12,b'Are you a #Program #Coordinator in #Cleveland? #KellyServices is waiting for you! #job https://t.co/YzvNIz6Jgr https://t.co/XhTSnpCr54',USA,21443
213,1591574529671065600,2022-11-12 23:31:52,b'RT @Jenny30355206: $40/Hour Social Media Job Application #Job #socialmediamarketing #WorkFromHome #makemoneyonline #GlobalDayofAction \n\nhtt\xe2\x80\xa6',"Community of Madrid, Spain",218
214,1591574346450948096,2022-11-12 23:31:08,"b'Apply now to work for #SAP as #Communications and Media Associate (limited #parttime, DPC)! (#Prague5CZ15800) #job\xe2\x80\xa6 https://t.co/jfaAQelBGC'","Miami, FL",16123
215,1591574221167407104,2022-11-12 23:30:39,b'RT @Jenny30355206: $40/Hour Social Media Job Application #Job #socialmediamarketing #WorkFromHome #makemoneyonline #GlobalDayofAction \n\nhtt\xe2\x80\xa6',,1050
216,1591574196194316288,2022-11-12 23:30:33,b'RT @420JobsCareers: 420 STRAIN OF THE DAY: Lemon G /// #Jobs #Careers #Marijuana #Cannabis #Hemp #CBD #Job #Career #Employment #JobBoard #J\xe2\x80\xa6',United States,38676
217,1591574110035148800,2022-11-12 23:30:12,b'420 STRAIN OF THE DAY: Lemon G /// #Jobs #Careers #Marijuana #Cannabis #Hemp #CBD #Job #Career #Employment\xe2\x80\xa6 https://t.co/yDwko13gPh',United States,30703
218,1591574100870250497,2022-11-12 23:30:10,"b""RT @Yo_Shabs: 5.\xc2\xa0Calendly\xc2\xa0- Project management and content in one place.\n\nWhat else? \nAny other?\nLet's comment\xf0\x9f\x92\xac\nLike \xf0\x9f\x91\x8d \nRetweet \xe2\x99\xbb\xef\xb8\x8f\n\n#freela\xe2\x80\xa6""",,137049
219,1591574092276273158,2022-11-12 23:30:08,b'Check out Food Service Worker in (#KINGMANAZ) with Trinity Services External. #job https://t.co/EQgZ01cNqh',"St. Louis, MO",7141
220,1591573893281878016,2022-11-12 23:29:20,b'RT @communitymstf: Become part of the Team!\n#CMS #PCA #CNA #hiring #jobs #jobsearch #recruitment #job #nowhiring #recruiting #career #emplo\xe2\x80\xa6',,338862
221,1591573892610621441,2022-11-12 23:29:20,"b'RT @DiedreMoire: Insurance Underwriter - Medical Rehab &amp; Pharmacy - Alpharetta, GA#DiedreMoire #JobSearch #JobHunt #JobOpening #Hiring #Job\xe2\x80\xa6'",,338862
222,1591573837191184385,2022-11-12 23:29:07,"b'#FarmersInsurance is looking for a Field #Property Claims #Adjuster - Irvine, CA in #Irvine, apply now! #job\xe2\x80\xa6 https://t.co/Y053RvoozC'","Las Vegas, NV area",2175
223,1591572937458475010,2022-11-12 23:25:32,b'Job Title: OAP\n\nEmployment type: Intern\n\nFirm: Media\n\nLocation:\n\n\xf0\x9f\x93\x8d Lagos state  \xf0\x9f\x87\xb3\xf0\x9f\x87\xac\n\nClosing Date:  20 Nov 2022\xe2\x80\xa6 https://t.co/P6pT3LULji',"Port Harcourt, Nigeria",51247
224,1591572709321969666,2022-11-12 23:24:38,b'Check out this #job: Hospice #Nurse #Practitioner NP | Per Diem at #Amedisys (#Augusta) https://t.co/td42Iudyea https://t.co/MnaIa1huft',,2381
225,1591572204554182657,2022-11-12 23:22:38,b'Job Title: Camera Operator\n\nEmployment type: Full Time\n\nFirm: Media\n\nLocation:\n\n\xf0\x9f\x93\x8d Lagos state  \xf0\x9f\x87\xb3\xf0\x9f\x87\xac\n\nClosing Date:  1\xe2\x80\xa6 https://t.co/vJZighGlIa',"Port Harcourt, Nigeria",51247
226,1591571896361168896,2022-11-12 23:21:24,b'RT @MaimoWajiri: #JOB BROKER#\n\nJob vacancies available in Buea and Douala. \n\n#8 workers need at hotel de RIA   Douala bonaberi# https://t.c\xe2\x80\xa6',"Sud-Ouest, Cameroon",1321
227,1591571838442037248,2022-11-12 23:21:10,b'#affiliatelink #job #realestate #solar #travel #content #deals #socialmedia #affiliateprogram #business #deal\xe2\x80\xa6 https://t.co/79R8A5kmiZ',"Bay Area, CA",2127185
228,1591571455858577413,2022-11-12 23:19:39,b'#Repost from @roosevelt_tree_experts\n.\nWhy climb when you can tip em over...\n@baileysonline #treecarecompany #tight\xe2\x80\xa6 https://t.co/lqyyj06I8O',"Woodland, CA",940
229,1591571373012357120,2022-11-12 23:19:19,b'Job Title: Technical Director\n\nEmployment type: Full Time\n\nFirm: Media\n\nLocation:\n\n\xf0\x9f\x93\x8d Lagos state  \xf0\x9f\x87\xb3\xf0\x9f\x87\xac\n\nClosing Date:\xe2\x80\xa6 https://t.co/7SlCgOAJhZ',"Port Harcourt, Nigeria",51247
230,1591570551088517120,2022-11-12 23:16:03,b'dnata catering - Catering Attendant https://t.co/nBRXAyiJA4 #job #MelbourneAirport',Australia,194102
231,1591570484331626496,2022-11-12 23:15:48,b'dnata catering - Airside Team Member (Customer Delivery Driver) https://t.co/zspYy3BbBo #job #BrisbaneAirport',Australia,194102
232,1591570423195762688,2022-11-12 23:15:33,b'JELD-WEN - Production Operative https://t.co/UkDzsyA3Df #job #Northgate',Australia,194102
233,1591570360062730242,2022-11-12 23:15:18,b'Cranbrook Care - Holistic Registered Nurse - Aged Care https://t.co/WowigTy06T #job #Kanwal',Australia,194102
234,1591570288302784513,2022-11-12 23:15:01,b'dnata catering - Airside Team Member (Customer Delivery Driver) https://t.co/VFbkRjXRan #job #MelbourneAirport',Australia,194102
235,1591570188130201600,2022-11-12 23:14:37,"b'#CountyofRiverside is hiring a Physical Therapist #Assistant - RUHS- Public #Health, apply now! (#IndioCA) #job\xe2\x80\xa6 https://t.co/6Fgku8xGLj'","Riverside, CA",13756
236,1591569836911435778,2022-11-12 23:13:13,b'Job Title: OAP (Pigin)\n\nEmployment type: Full Time\n\nFirm: Media\n\nLocation:\n\n\xf0\x9f\x93\x8dBerger Lagos state  \xf0\x9f\x87\xb3\xf0\x9f\x87\xac\n\nClosing Date:\xe2\x80\xa6 https://t.co/wvLYdFKlOj',"Port Harcourt, Nigeria",51247
237,1591569812169273344,2022-11-12 23:13:07,b'Apply now to work for #Catalent as #Tech #Support I! (#Baltimore) #job https://t.co/7fQULOnBJe https://t.co/EHlWljlFzt',,8965
238,1591569754820468736,2022-11-12 23:12:54,"b'My employer, NICE CXone, is looking for Sales Engineer. Learn more or Jobvite a friend.\nhttps://t.co/XkkGq1ruHU #job'",Provo/Earth (most of the time),1077
239,1591569690005995520,2022-11-12 23:12:38,b'RT @HaroldSinnott: Remote #job opportunities are drying up but workers want #flexibility more than ever\n\nvia @businessinsider @LinkedIn \nht\xe2\x80\xa6',All Over the World,270017
240,1591569592312541185,2022-11-12 23:12:15,b'RT @HerveGengler: Hi! Playground Games is looking for a great Material Artist - Contract to join our team and work with us on #Fable\n\nMore\xe2\x80\xa6',,4328
241,1591568863518679042,2022-11-12 23:09:21,b'Cold-Case Christianity for Kids: Investigate Jesus with a Real Detective LCLNYRK\n\nhttps://t.co/gqDbp0Tuf0\xe2\x80\xa6 https://t.co/nTtjC2YXzD',,15660
242,1591568557401206784,2022-11-12 23:08:08,"b'#KellyServices is hiring! Warehouse #Administrative #Assistant in #Knoxville, apply now! #job\xe2\x80\xa6 https://t.co/0KIiNjUzcY'","Knoxville, TN",1993
243,1591568308599341057,2022-11-12 23:07:09,"b'#KellyServices is looking for a #Laboratory #Technician in #SaintPaul, apply now! #job https://t.co/btmwHoR6uB https://t.co/XO7BeFaexT'",Pennsylvania,51355
244,1591568175195308037,2022-11-12 23:06:37,b'\xe2\x80\x9cBeing a #publicist is truly a thankless #job\xe2\x80\xa6\xe2\x80\x9d read my #blog about the launch of #novel #LifeInPublicRelationsHell\xe2\x80\xa6 https://t.co/nmudODRefk',southern Calif. (NO DMs),908460
245,1591567920035139585,2022-11-12 23:05:36,"b'RT @danielleussink: Reuters is looking for an experienced, ambitious journalist to help drive coverage of financial markets from Japan #job\xe2\x80\xa6'","Tokyo, Japan",5260
246,1591567636567293952,2022-11-12 23:04:29,b'Looking for an exciting career? Adjunct Professor - Information Systems wanted! Learn more or Jobvite a friend.\nhttps://t.co/PSSkGGEva7 #job',,5830
247,1591567283209777152,2022-11-12 23:03:04,"b'Cedar Rapids, Iowa Area #FamilyMedicine #Job with High Earnings: This regional medical group in west-central Iowa i\xe2\x80\xa6 https://t.co/PuQL0HK8RZ'","Bloomington, IN",71050
248,1591567188749479936,2022-11-12 23:02:42,b'Apply now to work for #KellyServices as #Civil #Engineer - PE Required! (#SilverSpring) #job https://t.co/TsrdydbVai https://t.co/JuSSPTx5Me',,136
249,1591566871928528896,2022-11-12 23:01:26,"b'#Work where you play! \xf0\x9f\xa4\xa9Read about our latest #job opening in Lubbock, TX here: Senior Manager\xe2\x80\xa6 https://t.co/wckJ2yVqIp'",,1698
250,1591566711622205440,2022-11-12 23:00:48,"b""Get ready for CAO's Customer Service Airport Recruitment Event &amp; LGA Airport Hiring Event next Thursday! Walk-Ins a\xe2\x80\xa6 https://t.co/CVCgIV25mf""",New York & New Jersey,2847
251,1591566702336262145,2022-11-12 23:00:46,b'Employee Anniversary Cards Bold Blue and Gray\n\nhttps://t.co/DscZfjRtPK\n\n#business #HR #shoppingstar #shoppingonline\xe2\x80\xa6 https://t.co/jhBCcOTWz6',,15455
252,1591566567426646017,2022-11-12 23:00:14,b'Check out HR Intern in (#SingaporeSG) #job https://t.co/tPHzP3qnJX',"Lincolnshire, IL",22186
253,1591566323817283587,2022-11-12 22:59:16,b'RT @MaimoWajiri: #JOB BROKER#\n\nJob vacancies available in Buea and Douala. \n\n#8 workers need at hotel de RIA   Douala bonaberi# https://t.c\xe2\x80\xa6',"Buea, Cameroon",15045
254,1591566049480216578,2022-11-12 22:58:10,"b'#KellyServices is looking for a Millwright, apply now! (#ReginaSaskatchewanCAN) #job https://t.co/Wc2WTETvPs\xe2\x80\xa6 https://t.co/hgANTgroWT'",,247
255,1591565006461874176,2022-11-12 22:54:02,b'8 To-Dos After You Accept a New Job @TheMuse New #Job for #NewYear \xf0\x9f\x8e\x89 https://t.co/DOD6i3hSjx',"Providence, RI",22561
256,1591564909656952834,2022-11-12 22:53:38,"b'Apply now to work for T-Mobile as Mobile Associate, Retail Sales Bilingual Spanish in #OrlandoFLUS! #job\xe2\x80\xa6 https://t.co/CIdnaSzvsC'","Florida, USA",3417
257,1591564488276586497,2022-11-12 22:51:58,b'RT @Jenny30355206: $40/Hour Social Media Job Application #Job #socialmediamarketing #WorkFromHome #makemoneyonline #GlobalDayofAction \n\nhtt\xe2\x80\xa6',,835
258,1591564410283511808,2022-11-12 22:51:39,b'RT @Jenny30355206: $40/Hour Social Media Job Application #Job #socialmediamarketing #WorkFromHome #makemoneyonline #GlobalDayofAction \n\nhtt\xe2\x80\xa6',,2355
259,1591563521082290176,2022-11-12 22:48:07,"b'RT @DiedreMoire: Insurance Underwriter - Medical Rehab &amp; Pharmacy - Alpharetta, GA#DiedreMoire #JobSearch #JobHunt #JobOpening #Hiring #Job\xe2\x80\xa6'",Road Warrior,175846
260,1591563501050335232,2022-11-12 22:48:03,b'RT @tahminawatson: What happens if #H1B #techlayoffs #immigrants #visa holders cannot find a #job or file a #visa #application on time? Con\xe2\x80\xa6',,226906
261,1591563279100706816,2022-11-12 22:47:10,"b'#Disney is hiring! Brush #Painter - Full Time in #Anaheim, apply now! #job https://t.co/99KcfjUWoX #DisneyJobs https://t.co/NKVjdj3PDs'","Lake Buena Vista, FL",3355
262,1591563140290039808,2022-11-12 22:46:37,b'Hospice Case #Manager | RN Fredericksburg needed in #Richmond at #Amedisys. Apply now! #job https://t.co/3SODAn8N2U https://t.co/mibCo2cOaf',,6902
263,1591563018776637442,2022-11-12 22:46:08,"b'RT @DiedreMoire: Insurance Underwriter - Medical Rehab &amp; Pharmacy - Alpharetta, GA#DiedreMoire #JobSearch #JobHunt #JobOpening #Hiring #Job\xe2\x80\xa6'",Everywhere,472193
264,1591562996660191234,2022-11-12 22:46:02,"b'Insurance Underwriter - Medical Rehab &amp; Pharmacy - Alpharetta, GA#DiedreMoire #JobSearch #JobHunt #JobOpening\xe2\x80\xa6 https://t.co/L31FUAwHwN'","Lakehurst, NJ",25611
265,1591562745245503488,2022-11-12 22:45:02,"b""5.\xc2\xa0Calendly\xc2\xa0- Project management and content in one place.\n\nWhat else? \nAny other?\nLet's comment\xf0\x9f\x92\xac\nLike \xf0\x9f\x91\x8d \nRetweet\xe2\x80\xa6 https://t.co/oM8XZUctqR""","Lagos, Nigeria",3007
266,1591562677910138880,2022-11-12 22:44:46,b'RT @communitymstf: Become part of the Team!\n#CMS #PCA #CNA #hiring #jobs #jobsearch #recruitment #job #nowhiring #recruiting #career #emplo\xe2\x80\xa6',"Snellville, GA 30078",211
267,1591562642057228288,2022-11-12 22:44:38,b'Get your opportunity and answer the quiz to get 2 hours free class\n\n#IELTS #CELPIP #CELBAN #NCLEX #ESL #realtor\xe2\x80\xa6 https://t.co/6CCsS7Clwk',canada,177
268,1591562000974364673,2022-11-12 22:42:05,b'RT @communitymstf: Become part of the Team!\n#CMS #PCA #CNA #hiring #jobs #jobsearch #recruitment #job #nowhiring #recruiting #career #emplo\xe2\x80\xa6',,187383
269,1591561978702856192,2022-11-12 22:42:00,b'Become part of the Team!\n#CMS #PCA #CNA #hiring #jobs #jobsearch #recruitment #job #nowhiring #recruiting #career\xe2\x80\xa6 https://t.co/di9Wf6RxAy',"Snellville, Georgia 30078",219
270,1591561333060706304,2022-11-12 22:39:26,b'Common mistakes during salary negotiation https://t.co/Qi7tO17CPm #resume #career #job #curriculum #cv #jobsearch',Worldwide ,13224
271,1591561139489734656,2022-11-12 22:38:40,"b'#LHCGroup is hiring! RN #Patient Care #Manager in #Arlington, apply now! #job https://t.co/UiM1yaDzBT https://t.co/l69OybSkUq'",,2290
272,1591561134519484416,2022-11-12 22:38:38,b'#Outbound #Order Picker (#job) wanted in #CarolStream. #KellyServices https://t.co/EI1NYJ9cvN https://t.co/ieTv6UKL1o',USA,21443
273,1591561074448687105,2022-11-12 22:38:24,b'Keystone Powdered Metal Company is looking for: Electrical PC &amp;C\nhttps://t.co/8jDgpIbvI0 #job',"New York, NY",5972
274,1591560818793271298,2022-11-12 22:37:23,b'RT @Nox_Ales: First impression at a job interview matter; you only have one chance to make it right. Your appearance must show that you are\xe2\x80\xa6',Everywhere,472193
275,1591560796844064769,2022-11-12 22:37:18,b'First impression at a job interview matter; you only have one chance to make it right. Your appearance must show th\xe2\x80\xa6 https://t.co/324HkOuf1m',,38834
276,1591560681220116480,2022-11-12 22:36:50,b'RT @Jenny30355206: $40/Hour Social Media Job Application #Job #socialmediamarketing #WorkFromHome #makemoneyonline #GlobalDayofAction \n\nhtt\xe2\x80\xa6',,168
277,1591560584046477313,2022-11-12 22:36:27,b'What happens if #H1B #techlayoffs #immigrants #visa holders cannot find a #job or file a #visa #application on time\xe2\x80\xa6 https://t.co/ppfxuFE48z',"Seattle, WA",7027
278,1591560366865383424,2022-11-12 22:35:35,b'RT @premiselauren: #Fall in love with your #job! Check us out - #hiring for #Collaborative Physician. #Healthcare #PremiseHealth #jobs\nhttp\xe2\x80\xa6',Everywhere,472193
279,1591560344891445248,2022-11-12 22:35:30,b'#Fall in love with your #job! Check us out - #hiring for #Collaborative Physician. #Healthcare #PremiseHealth #jobs\xe2\x80\xa6 https://t.co/TwRfT5q3od',"Pennsylvania, USA",1561
280,1591560181032296448,2022-11-12 22:34:51,b'My school is hiring. Let me know if any of you are interested.\nhttps://t.co/RwhMwXl0tE #job',"Oakland, CA",42871
281,1591560121192439808,2022-11-12 22:34:37,"b'T-Mobile Careers is hiring! Mobile Expert, Metro - Retail Sales in #NewYork, apply now! #job\xe2\x80\xa6 https://t.co/mTdIuHMLgR'","Ohio, USA",11709
282,1591559966632148998,2022-11-12 22:34:00,b'My tiring job was gave me opportunity to learn more about time management #job #time #management',"Jakarta, Indonesia",35
283,1591559555166900225,2022-11-12 22:32:22,b'RT @Jenny30355206: $40/Hour Social Media Job Application #Job #socialmediamarketing #WorkFromHome #makemoneyonline #GlobalDayofAction \n\nhtt\xe2\x80\xa6',,471
284,1591559554353008640,2022-11-12 22:32:22,"b'RT @JajpoAi: #AI, or #artificial #intelligence, is having an effect on many industries all over the world. Here are the Top 7 Most In-Deman\xe2\x80\xa6'","Johannesburg, South Africa",683253
285,1591559244733480960,2022-11-12 22:31:08,b'Industry Consultant needed in #Reston at T-Mobile Careers. Apply now! #job https://t.co/xb79hZl9XY #BeMagenta https://t.co/rMFCjxC1We',Richmond VA,1701
286,1591559032258576385,2022-11-12 22:30:17,b'For more Jobs follow @ReferIndia\n\n#referindia #jobs #hiring #openings #hiringalert #job #helpinghands #jobalert\xe2\x80\xa6 https://t.co/Xbb6bIi0Dt',"Mumbai, Maharashtra, India",8152
287,1591559017524260865,2022-11-12 22:30:14,b'NEWS ALERT: Las Vegas Votes to Allow Cannabis Social Consumption Lounges... [ Read Full Story &gt;\xe2\x80\xa6 https://t.co/m4IncH4NjR',United States,30703
288,1591558998787911683,2022-11-12 22:30:09,b'RT @EasytoRetire: How to Make Money with Copy and Paste - Great and Easy Job from Home ... https://t.co/vUt9urHD5z - reTweet and Share Plea\xe2\x80\xa6',,187383
289,1591558976440778752,2022-11-12 22:30:04,b'How to Make Money with Copy and Paste - Great and Easy Job from Home ... https://t.co/vUt9urHD5z - reTweet and Shar\xe2\x80\xa6 https://t.co/W6PrdopEyY',The world,27907
290,1591558970698858496,2022-11-12 22:30:03,"b'Fresh Job: Veterinary Technician (#Seattle, Washington) Banfield Pet Hospital #job #FearFreeCertified\xe2\x80\xa6 https://t.co/CDbi8WB3TU'","Frederick, MD & Angola, IN",335589
291,1591558499636432896,2022-11-12 22:28:10,b'RT @KimcoStaffing: Check out this #job: #Patient #Coordinator at #MediQuestStaffing (#RanchoMirage) https://t.co/bwHfxuUYwC #jobs #employme\xe2\x80\xa6',,338862
292,1591558499636346880,2022-11-12 22:28:10,"b'RT @DiedreMoire: Field Service - Flow Wrap &amp; Box Machinery - Greensboro, NC #DiedreMoire #JobSearch #JobHunt #JobOpening #Hiring #Job #Jobs\xe2\x80\xa6'",,338862
293,1591558499539898368,2022-11-12 22:28:10,b'RT @Nox_Ales: Some must know steps on how to act during an interview. Correct behavior is vital if you want to succeed in your job intervie\xe2\x80\xa6',,338862
294,1591558499493814272,2022-11-12 22:28:10,b'RT @KimcoStaffing: Check out this #job: #Administrative #Support/Receptionist at #KimcoStaffing in #Anaheim https://t.co/MTOtWE8CYx #changi\xe2\x80\xa6',,338862
295,1591558499493810176,2022-11-12 22:28:10,"b""RT @SatansXwife: I'm #hiring @ventanamicro ! Click to apply - or retweet! Sr Design Verification Engineer #LLVM #compiler #chiplet\nhttps://\xe2\x80\xa6""",,338862
296,1591558499485351936,2022-11-12 22:28:10,b'RT @TaylorD2025: Looking for a #remotejob \nWould love to connect! \n\n#hiring #job #Employment #TwitterBlue',,338862
297,1591558499472838656,2022-11-12 22:28:10,b'RT @JHFieramosca: We are hiring! Molitor Financial Group is looking for Sr. Loan Officer - Remote.  #molitorfinancial #careers@molitorfinan\xe2\x80\xa6',,338862
298,1591558499451826177,2022-11-12 22:28:10,"b'RT @rcp_tweets: Looking for a #Job in the #games industry \xf0\x9f\xa4\xa9?\n\n\xe2\x9d\x93 What: Trainee in Project &amp; Studio Management\n\xe2\x8f\xb2\xef\xb8\x8f When: apply until Sun, 20 N\xe2\x80\xa6'",,338862
299,1591558499388903429,2022-11-12 22:28:10,b'RT @RecruitingWhiz: Missed our #JeffersonCity #Missouri #HiringEvent?\n\nGreat news...YOU still have a chance to meet w/our #Hiring Team. Hur\xe2\x80\xa6',,338862
300,1591558460318941184,2022-11-12 22:28:01,"b'New Job Opening: Veterinary Technician (#Seattle, Washington) Banfield Pet Hospital #job #FearFreeCertified\xe2\x80\xa6 https://t.co/iZ3AWEMcDy'","Frederick, MD & Angola, IN",335589
301,1591558028817756160,2022-11-12 22:26:18,"b'RT @ServaneMouazan: Excited to release this new #joblisting. If you want to find another (or a new) #job in #SocialFinance, #ImpactInvestin\xe2\x80\xa6'","Belfast, Northern Ireland",77066
302,1591557960370569216,2022-11-12 22:26:02,"b'New Job Opening: Veterinary Technician (#MillCreek, Washington) Banfield Pet Hospital #job #FearFreeCertified\xe2\x80\xa6 https://t.co/yVkVbTEVUl'","Frederick, MD & Angola, IN",335589
303,1591557455418462215,2022-11-12 22:24:01,"b'Job Seekers: Veterinary Technician (#Bothell, Washington) Banfield Pet Hospital #job #FearFreeCertified\xe2\x80\xa6 https://t.co/ODfTIO24eF'","Frederick, MD & Angola, IN",335589
304,1591557040970731520,2022-11-12 22:22:22,b'Arteris IP is looking for System Application Engineer - IP Deployment. Learn more or invite a friend to apply!\nhttps://t.co/swujPrHAyU #job',U.S.A. & France,1173
305,1591557010126147584,2022-11-12 22:22:15,b'RT @RecruitingWhiz: Missed our #JeffersonCity #Missouri #HiringEvent?\n\nGreat news...YOU still have a chance to meet w/our #Hiring Team. Hur\xe2\x80\xa6',United States,369
306,1591556950894211072,2022-11-12 22:22:01,"b'Now Hiring: Veterinary Technician (#Everett, Washington) Banfield Pet Hospital #job #FearFreeCertified\xe2\x80\xa6 https://t.co/l8V634UeHT'","Frederick, MD & Angola, IN",335589
307,1591556450576633857,2022-11-12 22:20:02,"b'Now Hiring: Veterinary Technician (#Seattle, Washington) Banfield Pet Hospital #job #FearFreeCertified\xe2\x80\xa6 https://t.co/3XsLiQKQso'","Frederick, MD & Angola, IN",335589
308,1591556355030192128,2022-11-12 22:19:39,b'#Buyer (#job) wanted in #MelrosePark. #KellyServices https://t.co/8ogSe0FQEG https://t.co/fKFpcuAHQI',USA,21443
309,1591555993481220099,2022-11-12 22:18:13,"b'Hiring Alert: Veterinary Technician (#Seattle, Washington) Banfield Pet Hospital #job #FearFreeCertified\xe2\x80\xa6 https://t.co/YczfIIRmBL'","Frederick, MD & Angola, IN",335589
310,1591555974548037632,2022-11-12 22:18:08,b'RT @MPI_MolGen: \xf0\x9f\x9a\xa8 #Job Alert &amp; please RT! We are looking for motivated #PhD students that would like to work at the interface between molec\xe2\x80\xa6',Max Planck Institute Berlin,162
311,1591555447458496512,2022-11-12 22:16:03,b'Southern Cross Care - Wellness &amp; Lifestyle Therapist https://t.co/J90in6olI5 #job #OaklandsPark',Australia,194102
312,1591555442861559808,2022-11-12 22:16:01,"b'Just Posted: Veterinary Technician (#Seattle, Washington) Banfield Pet Hospital #job #FearFreeCertified\xe2\x80\xa6 https://t.co/Z9Gg0idrTM'","Frederick, MD & Angola, IN",335589
313,1591555431935389696,2022-11-12 22:15:59,"b'RT @rcp_tweets: Looking for a #Job in the #games industry \xf0\x9f\xa4\xa9?\n\n\xe2\x9d\x93 What: Trainee in Project &amp; Studio Management\n\xe2\x8f\xb2\xef\xb8\x8f When: apply until Sun, 20 N\xe2\x80\xa6'","Ukraine, Kyiv",16703
314,1591555384078004225,2022-11-12 22:15:47,b'Belgravia Health &amp;am - Park Manager - Multiple Roles Available https://t.co/VCNZMozfCf #job #Dalmeny',Australia,194102
315,1591555321704906752,2022-11-12 22:15:33,b'Hickinbotham Group - Customer Service Consultant https://t.co/FFX1Xbp8xr #job #Hackney',Australia,194102
